{
  "Items": [
    {
      "Id": "AF",
      "Name": "Afghanistan",
      "FullName": "Islamic Republic of Afghanistan",
      "Region": "Asia",
      "Subregion": "Southern Asia"
    },
    {
      "Id": "AX",
      "Name": "Åland Islands",
      "FullName": "Åland Islands",
      "Region": "Europe",
      "Subregion": "Northern Europe"
    },
    {
      "Id": "AL",
      "Name": "Albania",
      "FullName": "Republic of Albania",
      "Region": "Europe",
      "Subregion": "Southern Europe"
    },
    {
      "Id": "DZ",
      "Name": "Algeria",
      "FullName": "People's Democratic Republic of Algeria",
      "Region": "Africa",
      "Subregion": "Northern Africa"
    },
    {
      "Id": "AS",
      "Name": "American Samoa",
      "FullName": "American Samoa",
      "Region": "Oceania",
      "Subregion": "Polynesia"
    },
    {
      "Id": "AD",
      "Name": "Andorra",
      "FullName": "Principality of Andorra",
      "Region": "Europe",
      "Subregion": "Southern Europe"
    },
    {
      "Id": "AO",
      "Name": "Angola",
      "FullName": "Republic of Angola",
      "Region": "Africa",
      "Subregion": "Middle Africa"
    },
    {
      "Id": "AI",
      "Name": "Anguilla",
      "FullName": "Anguilla",
      "Region": "Americas",
      "Subregion": "Caribbean"
    },
    {
      "Id": "AQ",
      "Name": "Antarctica",
      "FullName": "Antarctica",
      "Region": "Antarctic",
      "Subregion": null
    },
    {
      "Id": "AG",
      "Name": "Antigua and Barbuda",
      "FullName": "Antigua and Barbuda",
      "Region": "Americas",
      "Subregion": "Caribbean"
    },
    {
      "Id": "AR",
      "Name": "Argentina",
      "FullName": "Argentine Republic",
      "Region": "Americas",
      "Subregion": "South America"
    },
    {
      "Id": "AM",
      "Name": "Armenia",
      "FullName": "Republic of Armenia",
      "Region": "Asia",
      "Subregion": "Western Asia"
    },
    {
      "Id": "AW",
      "Name": "Aruba",
      "FullName": "Aruba",
      "Region": "Americas",
      "Subregion": "Caribbean"
    },
    {
      "Id": "AU",
      "Name": "Australia",
      "FullName": "Commonwealth of Australia",
      "Region": "Oceania",
      "Subregion": "Australia and New Zealand"
    },
    {
      "Id": "AT",
      "Name": "Austria",
      "FullName": "Republic of Austria",
      "Region": "Europe",
      "Subregion": "Western Europe"
    },
    {
      "Id": "AZ",
      "Name": "Azerbaijan",
      "FullName": "Republic of Azerbaijan",
      "Region": "Asia",
      "Subregion": "Western Asia"
    },
    {
      "Id": "BS",
      "Name": "Bahamas",
      "FullName": "Commonwealth of the Bahamas",
      "Region": "Americas",
      "Subregion": "Caribbean"
    },
    {
      "Id": "BH",
      "Name": "Bahrain",
      "FullName": "Kingdom of Bahrain",
      "Region": "Asia",
      "Subregion": "Western Asia"
    },
    {
      "Id": "BD",
      "Name": "Bangladesh",
      "FullName": "People's Republic of Bangladesh",
      "Region": "Asia",
      "Subregion": "Southern Asia"
    },
    {
      "Id": "BB",
      "Name": "Barbados",
      "FullName": "Barbados",
      "Region": "Americas",
      "Subregion": "Caribbean"
    },
    {
      "Id": "BY",
      "Name": "Belarus",
      "FullName": "Republic of Belarus",
      "Region": "Europe",
      "Subregion": "Eastern Europe"
    },
    {
      "Id": "BE",
      "Name": "Belgium",
      "FullName": "Kingdom of Belgium",
      "Region": "Europe",
      "Subregion": "Western Europe"
    },
    {
      "Id": "BZ",
      "Name": "Belize",
      "FullName": "Belize",
      "Region": "Americas",
      "Subregion": "Central America"
    },
    {
      "Id": "BJ",
      "Name": "Benin",
      "FullName": "Republic of Benin",
      "Region": "Africa",
      "Subregion": "Western Africa"
    },
    {
      "Id": "BM",
      "Name": "Bermuda",
      "FullName": "Bermuda",
      "Region": "Americas",
      "Subregion": "North America"
    },
    {
      "Id": "BT",
      "Name": "Bhutan",
      "FullName": "Kingdom of Bhutan",
      "Region": "Asia",
      "Subregion": "Southern Asia"
    },
    {
      "Id": "BO",
      "Name": "Bolivia",
      "FullName": "Plurinational State of Bolivia",
      "Region": "Americas",
      "Subregion": "South America"
    },
    {
      "Id": "BQ",
      "Name": "Caribbean Netherlands",
      "FullName": "Bonaire, Sint Eustatius and Saba",
      "Region": "Americas",
      "Subregion": "Caribbean"
    },
    {
      "Id": "BA",
      "Name": "Bosnia and Herzegovina",
      "FullName": "Bosnia and Herzegovina",
      "Region": "Europe",
      "Subregion": "Southern Europe"
    },
    {
      "Id": "BW",
      "Name": "Botswana",
      "FullName": "Republic of Botswana",
      "Region": "Africa",
      "Subregion": "Southern Africa"
    },
    {
      "Id": "BV",
      "Name": "Bouvet Island",
      "FullName": "Bouvet Island",
      "Region": "Antarctic",
      "Subregion": null
    },
    {
      "Id": "BR",
      "Name": "Brazil",
      "FullName": "Federative Republic of Brazil",
      "Region": "Americas",
      "Subregion": "South America"
    },
    {
      "Id": "IO",
      "Name": "British Indian Ocean Territory",
      "FullName": "British Indian Ocean Territory",
      "Region": "Africa",
      "Subregion": "Eastern Africa"
    },
    {
      "Id": "BN",
      "Name": "Brunei",
      "FullName": "Brunei Darussalam",
      "Region": "Asia",
      "Subregion": "South-Eastern Asia"
    },
    {
      "Id": "BG",
      "Name": "Bulgaria",
      "FullName": "Republic of Bulgaria",
      "Region": "Europe",
      "Subregion": "Eastern Europe"
    },
    {
      "Id": "BF",
      "Name": "Burkina Faso",
      "FullName": "Burkina Faso",
      "Region": "Africa",
      "Subregion": "Western Africa"
    },
    {
      "Id": "BI",
      "Name": "Burundi",
      "FullName": "Republic of Burundi",
      "Region": "Africa",
      "Subregion": "Eastern Africa"
    },
    {
      "Id": "CV",
      "Name": "Cabo Verde",
      "FullName": "Republic of Cabo Verde",
      "Region": "Africa",
      "Subregion": "Western Africa"
    },
    {
      "Id": "KH",
      "Name": "Cambodia",
      "FullName": "Kingdom of Cambodia",
      "Region": "Asia",
      "Subregion": "South-Eastern Asia"
    },
    {
      "Id": "CM",
      "Name": "Cameroon",
      "FullName": "Republic of Cameroon",
      "Region": "Africa",
      "Subregion": "Middle Africa"
    },
    {
      "Id": "CA",
      "Name": "Canada",
      "FullName": "Canada",
      "Region": "Americas",
      "Subregion": "North America"
    },
    {
      "Id": "KY",
      "Name": "Cayman Islands",
      "FullName": "Cayman Islands",
      "Region": "Americas",
      "Subregion": "Caribbean"
    },
    {
      "Id": "CF",
      "Name": "Central African Republic",
      "FullName": "Central African Republic",
      "Region": "Africa",
      "Subregion": "Middle Africa"
    },
    {
      "Id": "TD",
      "Name": "Chad",
      "FullName": "Republic of Chad",
      "Region": "Africa",
      "Subregion": "Middle Africa"
    },
    {
      "Id": "CL",
      "Name": "Chile",
      "FullName": "Republic of Chile",
      "Region": "Americas",
      "Subregion": "South America"
    },
    {
      "Id": "CN",
      "Name": "China",
      "FullName": "People's Republic of China",
      "Region": "Asia",
      "Subregion": "Eastern Asia"
    },
    {
      "Id": "CX",
      "Name": "Christmas Island",
      "FullName": "Christmas Island",
      "Region": "Oceania",
      "Subregion": "Australia and New Zealand"
    },
    {
      "Id": "CC",
      "Name": "Cocos (Keeling) Islands",
      "FullName": "Territory of Cocos (Keeling) Islands",
      "Region": "Oceania",
      "Subregion": "Australia and New Zealand"
    },
    {
      "Id": "CO",
      "Name": "Colombia",
      "FullName": "Republic of Colombia",
      "Region": "Americas",
      "Subregion": "South America"
    },
    {
      "Id": "KM",
      "Name": "Comoros",
      "FullName": "Union of the Comoros",
      "Region": "Africa",
      "Subregion": "Eastern Africa"
    },
    {
      "Id": "CD",
      "Name": "DR Congo",
      "FullName": "Democratic Republic of the Congo",
      "Region": "Africa",
      "Subregion": "Middle Africa"
    },
    {
      "Id": "CG",
      "Name": "Congo",
      "FullName": "Republic of the Congo",
      "Region": "Africa",
      "Subregion": "Middle Africa"
    },
    {
      "Id": "CK",
      "Name": "Cook Islands",
      "FullName": "Cook Islands",
      "Region": "Oceania",
      "Subregion": "Polynesia"
    },
    {
      "Id": "CR",
      "Name": "Costa Rica",
      "FullName": "Republic of Costa Rica",
      "Region": "Americas",
      "Subregion": "Central America"
    },
    {
      "Id": "CI",
      "Name": "Côte d'Ivoire",
      "FullName": "Republic of Côte d'Ivoire",
      "Region": "Africa",
      "Subregion": "Western Africa"
    },
    {
      "Id": "HR",
      "Name": "Croatia",
      "FullName": "Republic of Croatia",
      "Region": "Europe",
      "Subregion": "Southern Europe"
    },
    {
      "Id": "CU",
      "Name": "Cuba",
      "FullName": "Republic of Cuba",
      "Region": "Americas",
      "Subregion": "Caribbean"
    },
    {
      "Id": "CW",
      "Name": "Curaçao",
      "FullName": "Country of Curaçao",
      "Region": "Americas",
      "Subregion": "Caribbean"
    },
    {
      "Id": "CY",
      "Name": "Cyprus",
      "FullName": "Republic of Cyprus",
      "Region": "Europe",
      "Subregion": "Southern Europe"
    },
    {
      "Id": "CZ",
      "Name": "Czechia",
      "FullName": "Czech Republic",
      "Region": "Europe",
      "Subregion": "Eastern Europe"
    },
    {
      "Id": "DK",
      "Name": "Denmark",
      "FullName": "Kingdom of Denmark",
      "Region": "Europe",
      "Subregion": "Northern Europe"
    },
    {
      "Id": "DJ",
      "Name": "Djibouti",
      "FullName": "Republic of Djibouti",
      "Region": "Africa",
      "Subregion": "Eastern Africa"
    },
    {
      "Id": "DM",
      "Name": "Dominica",
      "FullName": "Commonwealth of Dominica",
      "Region": "Americas",
      "Subregion": "Caribbean"
    },
    {
      "Id": "DO",
      "Name": "Dominican Republic",
      "FullName": "Dominican Republic",
      "Region": "Americas",
      "Subregion": "Caribbean"
    },
    {
      "Id": "EC",
      "Name": "Ecuador",
      "FullName": "Republic of Ecuador",
      "Region": "Americas",
      "Subregion": "South America"
    },
    {
      "Id": "EG",
      "Name": "Egypt",
      "FullName": "Arab Republic of Egypt",
      "Region": "Africa",
      "Subregion": "Northern Africa"
    },
    {
      "Id": "SV",
      "Name": "El Salvador",
      "FullName": "Republic of El Salvador",
      "Region": "Americas",
      "Subregion": "Central America"
    },
    {
      "Id": "GQ",
      "Name": "Equatorial Guinea",
      "FullName": "Republic of Equatorial Guinea",
      "Region": "Africa",
      "Subregion": "Middle Africa"
    },
    {
      "Id": "ER",
      "Name": "Eritrea",
      "FullName": "State of Eritrea",
      "Region": "Africa",
      "Subregion": "Eastern Africa"
    },
    {
      "Id": "EE",
      "Name": "Estonia",
      "FullName": "Republic of Estonia",
      "Region": "Europe",
      "Subregion": "Northern Europe"
    },
    {
      "Id": "SZ",
      "Name": "Eswatini",
      "FullName": "Kingdom of Eswatini",
      "Region": "Africa",
      "Subregion": "Southern Africa"
    },
    {
      "Id": "ET",
      "Name": "Ethiopia",
      "FullName": "Federal Democratic Republic of Ethiopia",
      "Region": "Africa",
      "Subregion": "Eastern Africa"
    },
    {
      "Id": "FK",
      "Name": "Falkland Islands",
      "FullName": "Falkland Islands",
      "Region": "Americas",
      "Subregion": "South America"
    },
    {
      "Id": "FO",
      "Name": "Faroe Islands",
      "FullName": "Faroe Islands",
      "Region": "Europe",
      "Subregion": "Northern Europe"
    },
    {
      "Id": "FJ",
      "Name": "Fiji",
      "FullName": "Republic of Fiji",
      "Region": "Oceania",
      "Subregion": "Melanesia"
    },
    {
      "Id": "FI",
      "Name": "Finland",
      "FullName": "Republic of Finland",
      "Region": "Europe",
      "Subregion": "Northern Europe"
    },
    {
      "Id": "FR",
      "Name": "France",
      "FullName": "French Republic",
      "Region": "Europe",
      "Subregion": "Western Europe"
    },
    {
      "Id": "GF",
      "Name": "French Guiana",
      "FullName": "Guiana",
      "Region": "Americas",
      "Subregion": "South America"
    },
    {
      "Id": "PF",
      "Name": "French Polynesia",
      "FullName": "French Polynesia",
      "Region": "Oceania",
      "Subregion": "Polynesia"
    },
    {
      "Id": "TF",
      "Name": "French Southern Territories",
      "FullName": "French Southern and Antarctic Lands",
      "Region": "Africa",
      "Subregion": "Southern Africa"
    },
    {
      "Id": "GA",
      "Name": "Gabon",
      "FullName": "Gabonese Republic",
      "Region": "Africa",
      "Subregion": "Middle Africa"
    },
    {
      "Id": "GM",
      "Name": "Gambia",
      "FullName": "Republic of The Gambia",
      "Region": "Africa",
      "Subregion": "Western Africa"
    },
    {
      "Id": "GE",
      "Name": "Georgia",
      "FullName": "Georgia",
      "Region": "Asia",
      "Subregion": "Western Asia"
    },
    {
      "Id": "DE",
      "Name": "Germany",
      "FullName": "Federal Republic of Germany",
      "Region": "Europe",
      "Subregion": "Western Europe"
    },
    {
      "Id": "GH",
      "Name": "Ghana",
      "FullName": "Republic of Ghana",
      "Region": "Africa",
      "Subregion": "Western Africa"
    },
    {
      "Id": "GI",
      "Name": "Gibraltar",
      "FullName": "Gibraltar",
      "Region": "Europe",
      "Subregion": "Southern Europe"
    },
    {
      "Id": "GR",
      "Name": "Greece",
      "FullName": "Hellenic Republic",
      "Region": "Europe",
      "Subregion": "Southern Europe"
    },
    {
      "Id": "GL",
      "Name": "Greenland",
      "FullName": "Greenland",
      "Region": "Americas",
      "Subregion": "North America"
    },
    {
      "Id": "GD",
      "Name": "Grenada",
      "FullName": "Grenada",
      "Region": "Americas",
      "Subregion": "Caribbean"
    },
    {
      "Id": "GP",
      "Name": "Guadeloupe",
      "FullName": "Guadeloupe",
      "Region": "Americas",
      "Subregion": "Caribbean"
    },
    {
      "Id": "GU",
      "Name": "Guam",
      "FullName": "Guam",
      "Region": "Oceania",
      "Subregion": "Micronesia"
    },
    {
      "Id": "GT",
      "Name": "Guatemala",
      "FullName": "Republic of Guatemala",
      "Region": "Americas",
      "Subregion": "Central America"
    },
    {
      "Id": "GG",
      "Name": "Guernsey",
      "FullName": "Bailiwick of Guernsey",
      "Region": "Europe",
      "Subregion": "Northern Europe"
    },
    {
      "Id": "GN",
      "Name": "Guinea",
      "FullName": "Republic of Guinea",
      "Region": "Africa",
      "Subregion": "Western Africa"
    },
    {
      "Id": "GW",
      "Name": "Guinea-Bissau",
      "FullName": "Republic of Guinea-Bissau",
      "Region": "Africa",
      "Subregion": "Western Africa"
    },
    {
      "Id": "GY",
      "Name": "Guyana",
      "FullName": "Co-operative Republic of Guyana",
      "Region": "Americas",
      "Subregion": "South America"
    },
    {
      "Id": "HT",
      "Name": "Haiti",
      "FullName": "Republic of Haiti",
      "Region": "Americas",
      "Subregion": "Caribbean"
    },
    {
      "Id": "HM",
      "Name": "Heard Island and McDonald Islands",
      "FullName": "Heard Island and McDonald Islands",
      "Region": "Antarctic",
      "Subregion": null
    },
    {
      "Id": "VA",
      "Name": "Vatican City",
      "FullName": "Vatican City State",
      "Region": "Europe",
      "Subregion": "Southern Europe"
    },
    {
      "Id": "HN",
      "Name": "Honduras",
      "FullName": "Republic of Honduras",
      "Region": "Americas",
      "Subregion": "Central America"
    },
    {
      "Id": "HK",
      "Name": "Hong Kong",
      "FullName": "Hong Kong Special Administrative Region of the People's Republic of China",
      "Region": "Asia",
      "Subregion": "Eastern Asia"
    },
    {
      "Id": "HU",
      "Name": "Hungary",
      "FullName": "Hungary",
      "Region": "Europe",
      "Subregion": "Eastern Europe"
    },
    {
      "Id": "IS",
      "Name": "Iceland",
      "FullName": "Iceland",
      "Region": "Europe",
      "Subregion": "Northern Europe"
    },
    {
      "Id": "IN",
      "Name": "India",
      "FullName": "Republic of India",
      "Region": "Asia",
      "Subregion": "Southern Asia"
    },
    {
      "Id": "ID",
      "Name": "Indonesia",
      "FullName": "Republic of Indonesia",
      "Region": "Asia",
      "Subregion": "South-Eastern Asia"
    },
    {
      "Id": "IR",
      "Name": "Iran",
      "FullName": "Islamic Republic of Iran",
      "Region": "Asia",
      "Subregion": "Southern Asia"
    },
    {
      "Id": "IQ",
      "Name": "Iraq",
      "FullName": "Republic of Iraq",
      "Region": "Asia",
      "Subregion": "Western Asia"
    },
    {
      "Id": "IE",
      "Name": "Ireland",
      "FullName": "Republic of Ireland",
      "Region": "Europe",
      "Subregion": "Northern Europe"
    },
    {
      "Id": "IM",
      "Name": "Isle of Man",
      "FullName": "Isle of Man",
      "Region": "Europe",
      "Subregion": "Northern Europe"
    },
    {
      "Id": "IL",
      "Name": "Israel",
      "FullName": "State of Israel",
      "Region": "Asia",
      "Subregion": "Western Asia"
    },
    {
      "Id": "IT",
      "Name": "Italy",
      "FullName": "Italian Republic",
      "Region": "Europe",
      "Subregion": "Southern Europe"
    },
    {
      "Id": "JM",
      "Name": "Jamaica",
      "FullName": "Jamaica",
      "Region": "Americas",
      "Subregion": "Caribbean"
    },
    {
      "Id": "JP",
      "Name": "Japan",
      "FullName": "Japan",
      "Region": "Asia",
      "Subregion": "Eastern Asia"
    },
    {
      "Id": "JE",
      "Name": "Jersey",
      "FullName": "Bailiwick of Jersey",
      "Region": "Europe",
      "Subregion": "Northern Europe"
    },
    {
      "Id": "JO",
      "Name": "Jordan",
      "FullName": "Hashemite Kingdom of Jordan",
      "Region": "Asia",
      "Subregion": "Western Asia"
    },
    {
      "Id": "KZ",
      "Name": "Kazakhstan",
      "FullName": "Republic of Kazakhstan",
      "Region": "Asia",
      "Subregion": "Central Asia"
    },
    {
      "Id": "KE",
      "Name": "Kenya",
      "FullName": "Republic of Kenya",
      "Region": "Africa",
      "Subregion": "Eastern Africa"
    },
    {
      "Id": "KI",
      "Name": "Kiribati",
      "FullName": "Independent and Sovereign Republic of Kiribati",
      "Region": "Oceania",
      "Subregion": "Micronesia"
    },
    {
      "Id": "XK",
      "Name": "Kosovo",
      "FullName": "Republic of Kosovo",
      "Region": "Europe",
      "Subregion": "Southern Europe"
    },
    {
      "Id": "KP",
      "Name": "North Korea",
      "FullName": "Democratic People's Republic of Korea",
      "Region": "Asia",
      "Subregion": "Eastern Asia"
    },
    {
      "Id": "KR",
      "Name": "South Korea",
      "FullName": "Republic of Korea",
      "Region": "Asia",
      "Subregion": "Eastern Asia"
    },
    {
      "Id": "KW",
      "Name": "Kuwait",
      "FullName": "State of Kuwait",
      "Region": "Asia",
      "Subregion": "Western Asia"
    },
    {
      "Id": "KG",
      "Name": "Kyrgyzstan",
      "FullName": "Kyrgyz Republic",
      "Region": "Asia",
      "Subregion": "Central Asia"
    },
    {
      "Id": "LA",
      "Name": "Laos",
      "FullName": "Lao People's Democratic Republic",
      "Region": "Asia",
      "Subregion": "South-Eastern Asia"
    },
    {
      "Id": "LV",
      "Name": "Latvia",
      "FullName": "Republic of Latvia",
      "Region": "Europe",
      "Subregion": "Northern Europe"
    },
    {
      "Id": "LB",
      "Name": "Lebanon",
      "FullName": "Lebanese Republic",
      "Region": "Asia",
      "Subregion": "Western Asia"
    },
    {
      "Id": "LS",
      "Name": "Lesotho",
      "FullName": "Kingdom of Lesotho",
      "Region": "Africa",
      "Subregion": "Southern Africa"
    },
    {
      "Id": "LR",
      "Name": "Liberia",
      "FullName": "Republic of Liberia",
      "Region": "Africa",
      "Subregion": "Western Africa"
    },
    {
      "Id": "LY",
      "Name": "Libya",
      "FullName": "State of Libya",
      "Region": "Africa",
      "Subregion": "Northern Africa"
    },
    {
      "Id": "LI",
      "Name": "Liechtenstein",
      "FullName": "Principality of Liechtenstein",
      "Region": "Europe",
      "Subregion": "Western Europe"
    },
    {
      "Id": "LT",
      "Name": "Lithuania",
      "FullName": "Republic of Lithuania",
      "Region": "Europe",
      "Subregion": "Northern Europe"
    },
    {
      "Id": "LU",
      "Name": "Luxembourg",
      "FullName": "Grand Duchy of Luxembourg",
      "Region": "Europe",
      "Subregion": "Western Europe"
    },
    {
      "Id": "MO",
      "Name": "Macao",
      "FullName": "Macao Special Administrative Region of the People's Republic of China",
      "Region": "Asia",
      "Subregion": "Eastern Asia"
    },
    {
      "Id": "MG",
      "Name": "Madagascar",
      "FullName": "Republic of Madagascar",
      "Region": "Africa",
      "Subregion": "Eastern Africa"
    },
    {
      "Id": "MW",
      "Name": "Malawi",
      "FullName": "Republic of Malawi",
      "Region": "Africa",
      "Subregion": "Eastern Africa"
    },
    {
      "Id": "MY",
      "Name": "Malaysia",
      "FullName": "Malaysia",
      "Region": "Asia",
      "Subregion": "South-Eastern Asia"
    },
    {
      "Id": "MV",
      "Name": "Maldives",
      "FullName": "Republic of the Maldives",
      "Region": "Asia",
      "Subregion": "Southern Asia"
    },
    {
      "Id": "ML",
      "Name": "Mali",
      "FullName": "Republic of Mali",
      "Region": "Africa",
      "Subregion": "Western Africa"
    },
    {
      "Id": "MT",
      "Name": "Malta",
      "FullName": "Republic of Malta",
      "Region": "Europe",
      "Subregion": "Southern Europe"
    },
    {
      "Id": "MH",
      "Name": "Marshall Islands",
      "FullName": "Republic of the Marshall Islands",
      "Region": "Oceania",
      "Subregion": "Micronesia"
    },
    {
      "Id": "MQ",
      "Name": "Martinique",
      "FullName": "Martinique",
      "Region": "Americas",
      "Subregion": "Caribbean"
    },
    {
      "Id": "MR",
      "Name": "Mauritania",
      "FullName": "Islamic Republic of Mauritania",
      "Region": "Africa",
      "Subregion": "Western Africa"
    },
    {
      "Id": "MU",
      "Name": "Mauritius",
      "FullName": "Republic of Mauritius",
      "Region": "Africa",
      "Subregion": "Eastern Africa"
    },
    {
      "Id": "YT",
      "Name": "Mayotte",
      "FullName": "Department of Mayotte",
      "Region": "Africa",
      "Subregion": "Eastern Africa"
    },
    {
      "Id": "MX",
      "Name": "Mexico",
      "FullName": "United Mexican States",
      "Region": "Americas",
      "Subregion": "North America"
    },
    {
      "Id": "FM",
      "Name": "Micronesia",
      "FullName": "Federated States of Micronesia",
      "Region": "Oceania",
      "Subregion": "Micronesia"
    },
    {
      "Id": "MD",
      "Name": "Moldova",
      "FullName": "Republic of Moldova",
      "Region": "Europe",
      "Subregion": "Eastern Europe"
    },
    {
      "Id": "MC",
      "Name": "Monaco",
      "FullName": "Principality of Monaco",
      "Region": "Europe",
      "Subregion": "Western Europe"
    },
    {
      "Id": "MN",
      "Name": "Mongolia",
      "FullName": "Mongolia",
      "Region": "Asia",
      "Subregion": "Eastern Asia"
    },
    {
      "Id": "ME",
      "Name": "Montenegro",
      "FullName": "Montenegro",
      "Region": "Europe",
      "Subregion": "Southern Europe"
    },
    {
      "Id": "MS",
      "Name": "Montserrat",
      "FullName": "Montserrat",
      "Region": "Americas",
      "Subregion": "Caribbean"
    },
    {
      "Id": "MA",
      "Name": "Morocco",
      "FullName": "Kingdom of Morocco",
      "Region": "Africa",
      "Subregion": "Northern Africa"
    },
    {
      "Id": "MZ",
      "Name": "Mozambique",
      "FullName": "Republic of Mozambique",
      "Region": "Africa",
      "Subregion": "Eastern Africa"
    },
    {
      "Id": "MM",
      "Name": "Myanmar",
      "FullName": "Republic of the Union of Myanmar",
      "Region": "Asia",
      "Subregion": "South-Eastern Asia"
    },
    {
      "Id": "NA",
      "Name": "Namibia",
      "FullName": "Republic of Namibia",
      "Region": "Africa",
      "Subregion": "Southern Africa"
    },
    {
      "Id": "NR",
      "Name": "Nauru",
      "FullName": "Republic of Nauru",
      "Region": "Oceania",
      "Subregion": "Micronesia"
    },
    {
      "Id": "NP",
      "Name": "Nepal",
      "FullName": "Federal Democratic Republic of Nepal",
      "Region": "Asia",
      "Subregion": "Southern Asia"
    },
    {
      "Id": "NL",
      "Name": "Netherlands",
      "FullName": "Kingdom of the Netherlands",
      "Region": "Europe",
      "Subregion": "Western Europe"
    },
    {
      "Id": "NC",
      "Name": "New Caledonia",
      "FullName": "New Caledonia",
      "Region": "Oceania",
      "Subregion": "Melanesia"
    },
    {
      "Id": "NZ",
      "Name": "New Zealand",
      "FullName": "New Zealand",
      "Region": "Oceania",
      "Subregion": "Australia and New Zealand"
    },
    {
      "Id": "NI",
      "Name": "Nicaragua",
      "FullName": "Republic of Nicaragua",
      "Region": "Americas",
      "Subregion": "Central America"
    },
    {
      "Id": "NE",
      "Name": "Niger",
      "FullName": "Republic of Niger",
      "Region": "Africa",
      "Subregion": "Western Africa"
    },
    {
      "Id": "NG",
      "Name": "Nigeria",
      "FullName": "Federal Republic of Nigeria",
      "Region": "Africa",
      "Subregion": "Western Africa"
    },
    {
      "Id": "NU",
      "Name": "Niue",
      "FullName": "Niue",
      "Region": "Oceania",
      "Subregion": "Polynesia"
    },
    {
      "Id": "NF",
      "Name": "Norfolk Island",
      "FullName": "Norfolk Island",
      "Region": "Oceania",
      "Subregion": "Australia and New Zealand"
    },
    {
      "Id": "MK",
      "Name": "North Macedonia",
      "FullName": "Republic of North Macedonia",
      "Region": "Europe",
      "Subregion": "Southern Europe"
    },
    {
      "Id": "MP",
      "Name": "Northern Mariana Islands",
      "FullName": "Commonwealth of the Northern Mariana Islands",
      "Region": "Oceania",
      "Subregion": "Micronesia"
    },
    {
      "Id": "NO",
      "Name": "Norway",
      "FullName": "Kingdom of Norway",
      "Region": "Europe",
      "Subregion": "Northern Europe"
    },
    {
      "Id": "OM",
      "Name": "Oman",
      "FullName": "Sultanate of Oman",
      "Region": "Asia",
      "Subregion": "Western Asia"
    },
    {
      "Id": "PK",
      "Name": "Pakistan",
      "FullName": "Islamic Republic of Pakistan",
      "Region": "Asia",
      "Subregion": "Southern Asia"
    },
    {
      "Id": "PW",
      "Name": "Palau",
      "FullName": "Republic of Palau",
      "Region": "Oceania",
      "Subregion": "Micronesia"
    },
    {
      "Id": "PS",
      "Name": "Palestine",
      "FullName": "State of Palestine",
      "Region": "Asia",
      "Subregion": "Western Asia"
    },
    {
      "Id": "PA",
      "Name": "Panama",
      "FullName": "Republic of Panama",
      "Region": "Americas",
      "Subregion": "Central America"
    },
    {
      "Id": "PG",
      "Name": "Papua New Guinea",
      "FullName": "Independent State of Papua New Guinea",
      "Region": "Oceania",
      "Subregion": "Melanesia"
    },
    {
      "Id": "PY",
      "Name": "Paraguay",
      "FullName": "Republic of Paraguay",
      "Region": "Americas",
      "Subregion": "South America"
    },
    {
      "Id": "PE",
      "Name": "Peru",
      "FullName": "Republic of Peru",
      "Region": "Americas",
      "Subregion": "South America"
    },
    {
      "Id": "PH",
      "Name": "Philippines",
      "FullName": "Republic of the Philippines",
      "Region": "Asia",
      "Subregion": "South-Eastern Asia"
    },
    {
      "Id": "PN",
      "Name": "Pitcairn Islands",
      "FullName": "Pitcairn Group of Islands",
      "Region": "Oceania",
      "Subregion": "Polynesia"
    },
    {
      "Id": "PL",
      "Name": "Poland",
      "FullName": "Republic of Poland",
      "Region": "Europe",
      "Subregion": "Eastern Europe"
    },
    {
      "Id": "PT",
      "Name": "Portugal",
      "FullName": "Portuguese Republic",
      "Region": "Europe",
      "Subregion": "Southern Europe"
    },
    {
      "Id": "PR",
      "Name": "Puerto Rico",
      "FullName": "Commonwealth of Puerto Rico",
      "Region": "Americas",
      "Subregion": "Caribbean"
    },
    {
      "Id": "QA",
      "Name": "Qatar",
      "FullName": "State of Qatar",
      "Region": "Asia",
      "Subregion": "Western Asia"
    },
    {
      "Id": "RE",
      "Name": "Réunion",
      "FullName": "Réunion Island",
      "Region": "Africa",
      "Subregion": "Eastern Africa"
    },
    {
      "Id": "RO",
      "Name": "Romania",
      "FullName": "Romania",
      "Region": "Europe",
      "Subregion": "Eastern Europe"
    },
    {
      "Id": "RU",
      "Name": "Russia",
      "FullName": "Russian Federation",
      "Region": "Europe",
      "Subregion": "Eastern Europe"
    },
    {
      "Id": "RW",
      "Name": "Rwanda",
      "FullName": "Republic of Rwanda",
      "Region": "Africa",
      "Subregion": "Eastern Africa"
    },
    {
      "Id": "BL",
      "Name": "Saint Barthélemy",
      "FullName": "Collectivity of Saint Barthélemy",
      "Region": "Americas",
      "Subregion": "Caribbean"
    },
    {
      "Id": "SH",
      "Name": "Saint Helena, Ascension and Tristan da Cunha",
      "FullName": "Saint Helena, Ascension and Tristan da Cunha",
      "Region": "Africa",
      "Subregion": "Western Africa"
    },
    {
      "Id": "KN",
      "Name": "Saint Kitts and Nevis",
      "FullName": "Federation of Saint Christopher and Nevis",
      "Region": "Americas",
      "Subregion": "Caribbean"
    },
    {
      "Id": "LC",
      "Name": "Saint Lucia",
      "FullName": "Saint Lucia",
      "Region": "Americas",
      "Subregion": "Caribbean"
    },
    {
      "Id": "MF",
      "Name": "Saint Martin",
      "FullName": "Saint Martin",
      "Region": "Americas",
      "Subregion": "Caribbean"
    },
    {
      "Id": "PM",
      "Name": "Saint Pierre and Miquelon",
      "FullName": "Saint Pierre and Miquelon",
      "Region": "Americas",
      "Subregion": "North America"
    },
    {
      "Id": "VC",
      "Name": "Saint Vincent and the Grenadines",
      "FullName": "Saint Vincent and the Grenadines",
      "Region": "Americas",
      "Subregion": "Caribbean"
    },
    {
      "Id": "WS",
      "Name": "Samoa",
      "FullName": "Independent State of Samoa",
      "Region": "Oceania",
      "Subregion": "Polynesia"
    },
    {
      "Id": "SM",
      "Name": "San Marino",
      "FullName": "Republic of San Marino",
      "Region": "Europe",
      "Subregion": "Southern Europe"
    },
    {
      "Id": "ST",
      "Name": "São Tomé and Príncipe",
      "FullName": "Democratic Republic of São Tomé and Príncipe",
      "Region": "Africa",
      "Subregion": "Middle Africa"
    },
    {
      "Id": "SA",
      "Name": "Saudi Arabia",
      "FullName": "Kingdom of Saudi Arabia",
      "Region": "Asia",
      "Subregion": "Western Asia"
    },
    {
      "Id": "SN",
      "Name": "Senegal",
      "FullName": "Republic of Senegal",
      "Region": "Africa",
      "Subregion": "Western Africa"
    },
    {
      "Id": "RS",
      "Name": "Serbia",
      "FullName": "Republic of Serbia",
      "Region": "Europe",
      "Subregion": "Southern Europe"
    },
    {
      "Id": "SC",
      "Name": "Seychelles",
      "FullName": "Republic of Seychelles",
      "Region": "Africa",
      "Subregion": "Eastern Africa"
    },
    {
      "Id": "SL",
      "Name": "Sierra Leone",
      "FullName": "Republic of Sierra Leone",
      "Region": "Africa",
      "Subregion": "Western Africa"
    },
    {
      "Id": "SG",
      "Name": "Singapore",
      "FullName": "Republic of Singapore",
      "Region": "Asia",
      "Subregion": "South-Eastern Asia"
    },
    {
      "Id": "SX",
      "Name": "Sint Maarten",
      "FullName": "Sint Maarten",
      "Region": "Americas",
      "Subregion": "Caribbean"
    },
    {
      "Id": "SK",
      "Name": "Slovakia",
      "FullName": "Slovak Republic",
      "Region": "Europe",
      "Subregion": "Eastern Europe"
    },
    {
      "Id": "SI",
      "Name": "Slovenia",
      "FullName": "Republic of Slovenia",
      "Region": "Europe",
      "Subregion": "Southern Europe"
    },
    {
      "Id": "SB",
      "Name": "Solomon Islands",
      "FullName": "Solomon Islands",
      "Region": "Oceania",
      "Subregion": "Melanesia"
    },
    {
      "Id": "SO",
      "Name": "Somalia",
      "FullName": "Federal Republic of Somalia",
      "Region": "Africa",
      "Subregion": "Eastern Africa"
    },
    {
      "Id": "ZA",
      "Name": "South Africa",
      "FullName": "Republic of South Africa",
      "Region": "Africa",
      "Subregion": "Southern Africa"
    },
    {
      "Id": "GS",
      "Name": "South Georgia",
      "FullName": "South Georgia and the South Sandwich Islands",
      "Region": "Antarctic",
      "Subregion": null
    },
    {
      "Id": "SS",
      "Name": "South Sudan",
      "FullName": "Republic of South Sudan",
      "Region": "Africa",
      "Subregion": "Middle Africa"
    },
    {
      "Id": "ES",
      "Name": "Spain",
      "FullName": "Kingdom of Spain",
      "Region": "Europe",
      "Subregion": "Southern Europe"
    },
    {
      "Id": "LK",
      "Name": "Sri Lanka",
      "FullName": "Democratic Socialist Republic of Sri Lanka",
      "Region": "Asia",
      "Subregion": "Southern Asia"
    },
    {
      "Id": "SD",
      "Name": "Sudan",
      "FullName": "Republic of the Sudan",
      "Region": "Africa",
      "Subregion": "Northern Africa"
    },
    {
      "Id": "SR",
      "Name": "Suriname",
      "FullName": "Republic of Suriname",
      "Region": "Americas",
      "Subregion": "South America"
    },
    {
      "Id": "SJ",
      "Name": "Svalbard and Jan Mayen",
      "FullName": "Svalbard and Jan Mayen",
      "Region": "Europe",
      "Subregion": "Northern Europe"
    },
    {
      "Id": "SE",
      "Name": "Sweden",
      "FullName": "Kingdom of Sweden",
      "Region": "Europe",
      "Subregion": "Northern Europe"
    },
    {
      "Id": "CH",
      "Name": "Switzerland",
      "FullName": "Swiss Confederation",
      "Region": "Europe",
      "Subregion": "Western Europe"
    },
    {
      "Id": "SY",
      "Name": "Syria",
      "FullName": "Syrian Arab Republic",
      "Region": "Asia",
      "Subregion": "Western Asia"
    },
    {
      "Id": "TW",
      "Name": "Taiwan",
      "FullName": "Republic of China (Taiwan)",
      "Region": "Asia",
      "Subregion": "Eastern Asia"
    },
    {
      "Id": "TJ",
      "Name": "Tajikistan",
      "FullName": "Republic of Tajikistan",
      "Region": "Asia",
      "Subregion": "Central Asia"
    },
    {
      "Id": "TZ",
      "Name": "Tanzania",
      "FullName": "United Republic of Tanzania",
      "Region": "Africa",
      "Subregion": "Eastern Africa"
    },
    {
      "Id": "TH",
      "Name": "Thailand",
      "FullName": "Kingdom of Thailand",
      "Region": "Asia",
      "Subregion": "South-Eastern Asia"
    },
    {
      "Id": "TL",
      "Name": "Timor-Leste",
      "FullName": "Democratic Republic of Timor-Leste",
      "Region": "Asia",
      "Subregion": "South-Eastern Asia"
    },
    {
      "Id": "TG",
      "Name": "Togo",
      "FullName": "Togolese Republic",
      "Region": "Africa",
      "Subregion": "Western Africa"
    },
    {
      "Id": "TK",
      "Name": "Tokelau",
      "FullName": "Tokelau",
      "Region": "Oceania",
      "Subregion": "Polynesia"
    },
    {
      "Id": "TO",
      "Name": "Tonga",
      "FullName": "Kingdom of Tonga",
      "Region": "Oceania",
      "Subregion": "Polynesia"
    },
    {
      "Id": "TT",
      "Name": "Trinidad and Tobago",
      "FullName": "Republic of Trinidad and Tobago",
      "Region": "Americas",
      "Subregion": "Caribbean"
    },
    {
      "Id": "TN",
      "Name": "Tunisia",
      "FullName": "Republic of Tunisia",
      "Region": "Africa",
      "Subregion": "Northern Africa"
    },
    {
      "Id": "TR",
      "Name": "Türkiye",
      "FullName": "Republic of Türkiye",
      "Region": "Asia",
      "Subregion": "Western Asia"
    },
    {
      "Id": "TM",
      "Name": "Turkmenistan",
      "FullName": "Turkmenistan",
      "Region": "Asia",
      "Subregion": "Central Asia"
    },
    {
      "Id": "TC",
      "Name": "Turks and Caicos Islands",
      "FullName": "Turks and Caicos Islands",
      "Region": "Americas",
      "Subregion": "Caribbean"
    },
    {
      "Id": "TV",
      "Name": "Tuvalu",
      "FullName": "Tuvalu",
      "Region": "Oceania",
      "Subregion": "Polynesia"
    },
    {
      "Id": "UG",
      "Name": "Uganda",
      "FullName": "Republic of Uganda",
      "Region": "Africa",
      "Subregion": "Eastern Africa"
    },
    {
      "Id": "UA",
      "Name": "Ukraine",
      "FullName": "Ukraine",
      "Region": "Europe",
      "Subregion": "Eastern Europe"
    },
    {
      "Id": "AE",
      "Name": "United Arab Emirates",
      "FullName": "United Arab Emirates",
      "Region": "Asia",
      "Subregion": "Western Asia"
    },
    {
      "Id": "GB",
      "Name": "United Kingdom",
      "FullName": "United Kingdom of Great Britain and Northern Ireland",
      "Region": "Europe",
      "Subregion": "Northern Europe"
    },
    {
      "Id": "US",
      "Name": "United States",
      "FullName": "United States of America",
      "Region": "Americas",
      "Subregion": "North America"
    },
    {
      "Id": "UM",
      "Name": "United States Minor Outlying Islands",
      "FullName": "United States Minor Outlying Islands",
      "Region": "Oceania",
      "Subregion": "North America"
    },
    {
      "Id": "UY",
      "Name": "Uruguay",
      "FullName": "Oriental Republic of Uruguay",
      "Region": "Americas",
      "Subregion": "South America"
    },
    {
      "Id": "UZ",
      "Name": "Uzbekistan",
      "FullName": "Republic of Uzbekistan",
      "Region": "Asia",
      "Subregion": "Central Asia"
    },
    {
      "Id": "VU",
      "Name": "Vanuatu",
      "FullName": "Republic of Vanuatu",
      "Region": "Oceania",
      "Subregion": "Melanesia"
    },
    {
      "Id": "VE",
      "Name": "Venezuela",
      "FullName": "Bolivarian Republic of Venezuela",
      "Region": "Americas",
      "Subregion": "South America"
    },
    {
      "Id": "VN",
      "Name": "Vietnam",
      "FullName": "Socialist Republic of Vietnam",
      "Region": "Asia",
      "Subregion": "South-Eastern Asia"
    },
    {
      "Id": "VG",
      "Name": "British Virgin Islands",
      "FullName": "Virgin Islands",
      "Region": "Americas",
      "Subregion": "Caribbean"
    },
    {
      "Id": "VI",
      "Name": "United States Virgin Islands",
      "FullName": "Virgin Islands of the United States",
      "Region": "Americas",
      "Subregion": "Caribbean"
    },
    {
      "Id": "WF",
      "Name": "Wallis and Futuna",
      "FullName": "Territory of the Wallis and Futuna Islands",
      "Region": "Oceania",
      "Subregion": "Polynesia"
    },
    {
      "Id": "EH",
      "Name": "Western Sahara",
      "FullName": "Sahrawi Arab Democratic Republic",
      "Region": "Africa",
      "Subregion": "Northern Africa"
    },
    {
      "Id": "YE",
      "Name": "Yemen",
      "FullName": "Republic of Yemen",
      "Region": "Asia",
      "Subregion": "Western Asia"
    },
    {
      "Id": "ZM",
      "Name": "Zambia",
      "FullName": "Republic of Zambia",
      "Region": "Africa",
      "Subregion": "Eastern Africa"
    },
    {
      "Id": "ZW",
      "Name": "Zimbabwe",
      "FullName": "Republic of Zimbabwe",
      "Region": "Africa",
      "Subregion": "Eastern Africa"
    }
  ]
}